{"cameraMode":{"drawMode":0,"name":"Shaded","section":"Shading Mode"},"sceneLighting":false,"audioPlay":false,"sceneViewState":{"showFog":true,"showMaterialUpdate":false,"showSkybox":true,"showFlares":true,"showImageEffects":true,"showParticleSystems":true},"in2DMode":false,"pivot":{"x":-5.792860984802246,"y":14.952589988708496,"z":6.691484451293945},"rotation":{"x":0.24716344475746156,"y":-0.07404007017612457,"z":0.018944978713989259,"w":0.9659551978111267},"size":52.17862319946289,"orthographic":false}