{"cameraMode":{"drawMode":0,"name":"Shaded","section":"Shading Mode"},"sceneLighting":false,"audioPlay":false,"sceneViewState":{"showFog":true,"showMaterialUpdate":false,"showSkybox":true,"showFlares":true,"showImageEffects":true,"showParticleSystems":true},"in2DMode":false,"pivot":{"x":-0.029999971389770509,"y":-0.38999998569488528,"z":3.9700000286102297},"rotation":{"x":0.002772536128759384,"y":0.7032746076583862,"z":-0.0027395987417548897,"w":0.7109076380729675},"size":4.950000762939453,"orthographic":true}