{"cameraMode":{"drawMode":0,"name":"Shaded","section":"Shading Mode"},"sceneLighting":false,"audioPlay":false,"sceneViewState":{"showFog":true,"showMaterialUpdate":false,"showSkybox":true,"showFlares":true,"showImageEffects":true,"showParticleSystems":true},"in2DMode":false,"pivot":{"x":-0.029999971389770509,"y":-0.38999998569488528,"z":3.9700000286102297},"rotation":{"x":0.14373551309108735,"y":0.23450826108455659,"z":-0.03508298099040985,"w":0.9607888460159302},"size":4.950000762939453,"orthographic":false}