{"cameraMode":{"drawMode":0,"name":"Shaded","section":"Shading Mode"},"sceneLighting":false,"audioPlay":false,"sceneViewState":{"showFog":true,"showMaterialUpdate":false,"showSkybox":true,"showFlares":true,"showImageEffects":true,"showParticleSystems":true},"in2DMode":false,"pivot":{"x":-0.016750503331422807,"y":11.250513076782227,"z":9.81678581237793},"rotation":{"x":0.6722610592842102,"y":0.10317100584506989,"z":-0.09542202204465866,"w":0.7268531918525696},"size":14.420166015625,"orthographic":false}