{"cameraMode":{"drawMode":0,"name":"Shaded","section":"Shading Mode"},"sceneLighting":true,"audioPlay":false,"sceneViewState":{"showFog":true,"showMaterialUpdate":false,"showSkybox":true,"showFlares":true,"showImageEffects":true,"showParticleSystems":true},"in2DMode":false,"pivot":{"x":-9.953812599182129,"y":3.7383317947387697,"z":58.590301513671878},"rotation":{"x":0.4558577239513397,"y":0.13522352278232575,"z":-0.07029526680707932,"w":0.8769076466560364},"size":47.10152053833008,"orthographic":false}