{"cameraMode":{"drawMode":0,"name":"Shaded","section":"Shading Mode"},"sceneLighting":false,"audioPlay":false,"sceneViewState":{"showFog":true,"showMaterialUpdate":false,"showSkybox":true,"showFlares":true,"showImageEffects":true,"showParticleSystems":true},"in2DMode":false,"pivot":{"x":5.199999809265137,"y":1.3499999046325684,"z":12.131178855895996},"rotation":{"x":0.14373551309108735,"y":0.23450826108455659,"z":-0.03508298099040985,"w":0.9607888460159302},"size":15.566072463989258,"orthographic":false}